<?xml version="1.0" encoding="utf-8" standalone="yes"?>
<addon id="plugin.video.unofficialkissanime" version="1.3.0" name="The Unofficial KissAnime Plugin" provider-name="PrometheusX">
  <requires>
    <import addon="xbmc.python" version="2.24.0" />
    <import addon="script.module.animemetahandler" />
    <import addon="script.module.beautifulsoup4" />
    <import addon="script.module.dat1guy.shared" />
    <import addon="script.module.urlresolver" />
  </requires>
  <extension point="xbmc.python.pluginsource" library="default.py">
    <provides>video</provides>
  </extension>
  <extension point="xbmc.addon.metadata">
    <summary lang="en">The Unofficial KissAnime Plugin</summary>
    <description lang="en">An unofficial KissAnime client for Kodi, designed for the Fire Stick, Fire TV, and Windows.</description>
    <disclaimer lang="en">The author does not host or distribute any of the content displayed by this addon. The author does not have any affiliation with the content provider.</disclaimer>
    <news>
- For now only Rapidvideo sources</news>
    <platform>all</platform>
    <language>en</language>
    <license>GNU GENERAL PUBLIC LICENSE. Version 3, 29 June 2007</license>
    <website>http://kissanime.ru</website>
    <source>https://github.com/Prometheusx-git/plugin.video.unofficialkissanime</source>
    <assets>
      <icon>icon.png</icon>
      <fanart>fanart.jpg</fanart>
      <screenshot>resources/media/ScreenshotPopular.png</screenshot>
      <screenshot>resources/media/ScreenshotWidgetBookmarks.png</screenshot>
      <screenshot>resources/media/ScreenshotWidgetLastVisited.png</screenshot>
      <screenshot>resources/media/ScreenshotSearch.png</screenshot>
    </assets>
  </extension>
</addon>
