<?xml version="1.0" encoding="utf-8" standalone="yes"?>
<addon id="script.module.animemetahandler" version="1.0.6" name="Anime Metahandler" provider-name="dat1guy">
  <requires>
    <import addon="xbmc.python" version="2.24.0" />
    <import addon="script.module.metahandler" />
    <import addon="script.module.dat1guy.shared" />
  </requires>
  <extension point="xbmc.python.module" library="lib"/>
  <extension point="xbmc.addon.metadata">
    <summary lang="en">Queries, stores, and returns metadata for anime TV shows and movies</summary>
    <description lang="en">Anime Metahandler is a wrapper around the metahandler add-on that queries, stores, and returns metadata for anime shows and movies.  Sources include tvdb.com, themoviedb.com, and imdb.com</description>
    <disclaimer lang="en"></disclaimer>
    <platform>all</platform>
    <language>en</language>
    <license>GNU GENERAL PUBLIC LICENSE. Version 3, 29 June 2007</license>
    <source>https://github.com/dat1guy/script.module.animemetahandler</source>
  </extension>
</addon>
